sample,low_capacity,high_capacity,difference
0,0.9410272937252674,0.5195391250098499,0.4214881687154175
1,0.6359800375606439,0.23678289286705032,0.3991971446935936
2,0.9023432182729214,0.40751686486449057,0.49482635340843084
3,0.977184144679186,0.7628701691959954,0.21431397548319064
4,0.9757878689536719,0.6670952613849163,0.3086926075687556
5,0.9723578249130003,0.7121122472836263,0.26024557762937395
6,0.5600600143833699,0.18398698533696284,0.3760730290464071
7,0.9534872968588025,0.6114211278937931,0.3420661689650094
8,0.9704677184037517,0.6923458420825667,0.278121876321185
9,0.7460990228691421,0.3078000509530239,0.4382989719161182
10,0.9818280295599744,0.7477937996735537,0.23403422988642064
11,0.9666164768380523,0.7606526721316463,0.20596380470640596
12,0.9306110810157577,0.47957129002278104,0.4510397909929767
13,0.8842528785550359,0.3978097982214132,0.48644308033362266
14,0.7795650765035514,0.2796300008410179,0.49993507566253353
15,0.9748338975010028,0.7379660721851795,0.2368678253158233
16,0.950648293962921,0.6323825556701003,0.3182657382928208
17,0.9723362365885325,0.7071614703747533,0.2651747662137792
18,0.9612856969225974,0.5617422607841135,0.39954343613848387
19,0.7132487870684249,0.30657292782675044,0.40667585924167443
20,0.9625939919341866,0.6690246110716453,0.29356938086254125
21,0.9852276797756601,0.7447517691233776,0.24047591065228247
22,0.9713248109203673,0.6355192826433002,0.3358055282770671
23,0.7849914698049866,0.339061803575544,0.4459296662294426
